[
    {
      "Month": "Jan",
      "Record high": 28.3,
      "Average high": 18.2,
      "Daily mean": 14.2,
      "Average low": 11.3,
      "Record low": 3.1,
      "Average precipitation": 44.8,
      "Average precipitation days": 8.2,
      "Average relative humidity": 71
    },
    {
      "Month": "Feb",
      "Record high": 31.4,
      "Average high": 20.4,
      "Daily mean": 16.4,
      "Average low": 13.6,
      "Record low": 3.9,
      "Average precipitation": 63.6,
      "Average precipitation days": 12.3,
      "Average relative humidity": 76
    },
    {
      "Month": "Mar",
      "Record high": 32.4,
      "Average high": 22.3,
      "Daily mean": 18.6,
      "Average low": 15.9,
      "Record low": 6.1,
      "Average precipitation": 88.5,
      "Average precipitation days": 15.9,
      "Average relative humidity": 80
    },
    {
      "Month": "Apr",
      "Record high": 34.4,
      "Average high": 26.3,
      "Daily mean": 22.6,
      "Average low": 20,
      "Record low": 10.7,
      "Average precipitation": 181.9,
      "Average precipitation days": 17.4,
      "Average relative humidity": 82
    },
    {
      "Month": "May",
      "Record high": 34.9,
      "Average high": 30,
      "Daily mean": 26,
      "Average low": 23.2,
      "Record low": 16.8,
      "Average precipitation": 258.8,
      "Average precipitation days": 19.9,
      "Average relative humidity": 79
    },
    {
      "Month": "Jun",
      "Record high": 37.9,
      "Average high": 32.9,
      "Daily mean": 27.8,
      "Average low": 25,
      "Record low": 20.4,
      "Average precipitation": 274.7,
      "Average precipitation days": 18.9,
      "Average relative humidity": 82
    },
    {
      "Month": "Jul",
      "Record high": 38.5,
      "Average high": 33.4,
      "Daily mean": 29,
      "Average low": 25.8,
      "Record low": 22.9,
      "Average precipitation": 229.1,
      "Average precipitation days": 17.2,
      "Average relative humidity": 79
    },
    {
      "Month": "Aug",
      "Record high": 38.1,
      "Average high": 33.3,
      "Daily mean": 28.9,
      "Average low": 25.8,
      "Record low": 22.6,
      "Average precipitation": 209.2,
      "Average precipitation days": 17.4,
      "Average relative humidity": 79
    },
    {
      "Month": "Sep",
      "Record high": 36.9,
      "Average high": 31.7,
      "Daily mean": 27.7,
      "Average low": 24.6,
      "Record low": 18.8,
      "Average precipitation": 153.6,
      "Average precipitation days": 12.4,
      "Average relative humidity": 75
    },
    {
      "Month": "Oct",
      "Record high": 35.8,
      "Average high": 29.2,
      "Daily mean": 25.1,
      "Average low": 21.8,
      "Record low": 13.4,
      "Average precipitation": 61,
      "Average precipitation days": 6.7,
      "Average relative humidity": 69
    },
    {
      "Month": "Nov",
      "Record high": 33.1,
      "Average high": 24.6,
      "Daily mean": 20.2,
      "Average low": 16.7,
      "Record low": 5.3,
      "Average precipitation": 38.9,
      "Average precipitation days": 5.5,
      "Average relative humidity": 67
    },
    {
      "Month": "Dec",
      "Record high": 30,
      "Average high": 20.2,
      "Daily mean": 15.8,
      "Average low": 12.5,
      "Record low": 1.7,
      "Average precipitation": 28.9,
      "Average precipitation days": 5.3,
      "Average relative humidity": 66
    }
  ]