[
  {"gender": "girl", "first_test": 81, "second_test": 89, "desk": 1},
  {"gender": "girl", "first_test": 98, "second_test": 90, "desk": 2},
  {"gender": "girl", "first_test": 73, "second_test": 70, "desk": 3},
  {"gender": "girl", "first_test": 86, "second_test": 89, "desk": 4},
  {"gender": "girl", "first_test": 98, "second_test": 100, "desk": 5},
  {"gender": "girl", "first_test": 88, "second_test": 80, "desk": 6},
  {"gender": "girl", "first_test": 87, "second_test": 90, "desk": 7},
  {"gender": "girl", "first_test": 97, "second_test": 100, "desk": 8},
  {"gender": "girl", "first_test": 86, "second_test": 80, "desk": 9},
  {"gender": "girl", "first_test": 74, "second_test": 36, "desk": 10},
  {"gender": "boy", "first_test": 35, "second_test": 30, "desk": 1},
  {"gender": "boy", "first_test": 31, "second_test": 29, "desk": 2},
  {"gender": "boy", "first_test": 46, "second_test": 49, "desk": 3},
  {"gender": "boy", "first_test": 44, "second_test": 48, "desk": 4},
  {"gender": "boy", "first_test": 70, "second_test": 100, "desk": 5},
  {"gender": "boy", "first_test": 50, "second_test": 48, "desk": 6},
  {"gender": "boy", "first_test": 25, "second_test": 38, "desk": 7},
  {"gender": "boy", "first_test": 52, "second_test": 45, "desk": 8},
  {"gender": "boy", "first_test": 23, "second_test": 20, "desk": 9},
  {"gender": "boy", "first_test": 28, "second_test": 30, "desk": 10}
]

