[
  {"store": "Des Voeux Road", "type": "clothing", "profits": 8261.68},
  {"store": "Des Voeux Road", "type": "equipment", "profits": 4810.34},
  {"store": "Des Voeux Road", "type": "accessories", "profits": 1536.57},
  {"store": "Hennessy Road", "type": "clothing", "profits": 7875.87},
  {"store": "Hennessy Road", "type": "equipment", "profits": 3126.58},
  {"store": "Hennessy Road", "type": "accessories", "profits": 2019.81},
  {"store": "Nathan Road", "type": "clothing", "profits": 4990.23},
  {"store": "Nathan Road", "type": "equipment", "profits": 4923.48},
  {"store": "Nathan Road", "type": "accessories", "profits": 1472.59},
  {"store": "Canton Road", "type": "clothing", "profits": 4658.42},
  {"store": "Canton Road", "type": "equipment", "profits": 2955.55},
  {"store": "Canton Road", "type": "accessories", "profits": 1390.55},
  {"store": "Queen's Road Central", "type": "clothing", "profits": 3952.00},
  {"store": "Queen's Road Central", "type": "equipment", "profits": 1858.46},
  {"store": "Queen's Road Central", "type": "accessories", "profits": 917.90}
]
