[
    {
      "Census": "1880",
      "Population": 1427,
      "percentageChange": null
    },
    {
      "Census": "1890",
      "Population": 1809,
      "percentageChange": "26.80"
    },
    {
      "Census": "1900",
      "Population": 2023,
      "percentageChange": "11.80"
    },
    {
      "Census": "1910",
      "Population": 1930,
      "percentageChange": "-4.60"
    },
    {
      "Census": "1920",
      "Population": 2025,
      "percentageChange": "4.90"
    },
    {
      "Census": "1930",
      "Population": 2023,
      "percentageChange": "-0.10"
    },
    {
      "Census": "1940",
      "Population": 2053,
      "percentageChange": "1.50"
    },
    {
      "Census": "1950",
      "Population": 2000,
      "percentageChange": "-2.60"
    },
    {
      "Census": "1960",
      "Population": 1824,
      "percentageChange": "-8.80"
    },
    {
      "Census": "1970",
      "Population": 1701,
      "percentageChange": "-6.70"
    },
    {
      "Census": "1980",
      "Population": 1568,
      "percentageChange": "-7.80"
    },
    {
      "Census": "1990",
      "Population": 1683,
      "percentageChange": "7.30"
    },
    {
      "Census": "2000",
      "Population": 1589,
      "percentageChange": "-5.60"
    },
    {
      "Census": "2010",
      "Population": 1552,
      "percentageChange": "-2.30"
    },
    {
      "Census": "2017",
      "Population": 1492,
      "percentageChange": "-3.90"
    }
  ]
  