[
  {"Country": "United States", "Year": "2007", "GDP": 14.47},
  {"Country": "United States", "Year": "2008", "GDP": 14.77},
  {"Country": "United States", "Year": "2009", "GDP": 14.48},
  {"Country": "United States", "Year": "2010", "GDP": 15.05},
  {"Country": "United States", "Year": "2011", "GDP": 15.60},
  {"Country": "United States", "Year": "2012", "GDP": 16.25},
  {"Country": "United States", "Year": "2013", "GDP": 16.84},
  {"Country": "United States", "Year": "2014", "GDP": 17.55},
  {"Country": "United States", "Year": "2015", "GDP": 18.21},
  {"Country": "United States", "Year": "2016", "GDP": 18.70},
  {"Country": "United States", "Year": "2017", "GDP": 19.48},
  {"Country": "United States", "Year": "2018", "GDP": 20.53},
  {"Country": "United States", "Year": "2019", "GDP": 21.38},
  {"Country": "United States", "Year": "2020", "GDP": 21.06},
  {"Country": "United States", "Year": "2021", "GDP": 23.32},
  {"Country": "United States", "Year": "2022", "GDP": 25.46},
  {"Country": "China", "Year": "2007", "GDP": 3.55},
  {"Country": "China", "Year": "2008", "GDP": 4.59},
  {"Country": "China", "Year": "2009", "GDP": 5.10},
  {"Country": "China", "Year": "2010", "GDP": 6.09},
  {"Country": "China", "Year": "2011", "GDP": 7.55},
  {"Country": "China", "Year": "2012", "GDP": 8.53},
  {"Country": "China", "Year": "2013", "GDP": 9.57},
  {"Country": "China", "Year": "2014", "GDP": 10.48},
  {"Country": "China", "Year": "2015", "GDP": 11.06},
  {"Country": "China", "Year": "2016", "GDP": 11.23},
  {"Country": "China", "Year": "2017", "GDP": 12.31},
  {"Country": "China", "Year": "2018", "GDP": 13.89},
  {"Country": "China", "Year": "2019", "GDP": 14.28},
  {"Country": "China", "Year": "2020", "GDP": 14.69},
  {"Country": "China", "Year": "2021", "GDP": 17.82},
  {"Country": "China", "Year": "2022", "GDP": 17.96},
  {"Country": "Japan", "Year": "2007", "GDP": 4.58},
  {"Country": "Japan", "Year": "2008", "GDP": 5.11},
  {"Country": "Japan", "Year": "2009", "GDP": 5.29},
  {"Country": "Japan", "Year": "2010", "GDP": 5.76},
  {"Country": "Japan", "Year": "2011", "GDP": 6.23},
  {"Country": "Japan", "Year": "2012", "GDP": 6.27},
  {"Country": "Japan", "Year": "2013", "GDP": 5.21},
  {"Country": "Japan", "Year": "2014", "GDP": 4.90},
  {"Country": "Japan", "Year": "2015", "GDP": 4.44},
  {"Country": "Japan", "Year": "2016", "GDP": 5.00},
  {"Country": "Japan", "Year": "2017", "GDP": 4.93},
  {"Country": "Japan", "Year": "2018", "GDP": 5.04},
  {"Country": "Japan", "Year": "2019", "GDP": 5.12},
  {"Country": "Japan", "Year": "2020", "GDP": 5.05},
  {"Country": "Japan", "Year": "2021", "GDP": 5.01},
  {"Country": "Japan", "Year": "2022", "GDP": 4.23},
  {"Country": "Germany", "Year": "2007", "GDP": 3.43},
  {"Country": "Germany", "Year": "2008", "GDP": 3.75},
  {"Country": "Germany", "Year": "2009", "GDP": 3.41},
  {"Country": "Germany", "Year": "2010", "GDP": 3.40},
  {"Country": "Germany", "Year": "2011", "GDP": 3.75},
  {"Country": "Germany", "Year": "2012", "GDP": 3.53},
  {"Country": "Germany", "Year": "2013", "GDP": 3.74},
  {"Country": "Germany", "Year": "2014", "GDP": 3.89},
  {"Country": "Germany", "Year": "2015", "GDP": 3.36},
  {"Country": "Germany", "Year": "2016", "GDP": 3.47},
  {"Country": "Germany", "Year": "2017", "GDP": 3.69},
  {"Country": "Germany", "Year": "2018", "GDP": 3.97},
  {"Country": "Germany", "Year": "2019", "GDP": 3.89},
  {"Country": "Germany", "Year": "2020", "GDP": 3.89},
  {"Country": "Germany", "Year": "2021", "GDP": 4.26},
  {"Country": "Germany", "Year": "2022", "GDP": 4.07},
  {"Country": "India", "Year": "2007", "GDP": 1.22},
  {"Country": "India", "Year": "2008", "GDP": 1.20},
  {"Country": "India", "Year": "2009", "GDP": 1.34},
  {"Country": "India", "Year": "2010", "GDP": 1.68},
  {"Country": "India", "Year": "2011", "GDP": 1.82},
  {"Country": "India", "Year": "2012", "GDP": 1.83},
  {"Country": "India", "Year": "2013", "GDP": 1.86},
  {"Country": "India", "Year": "2014", "GDP": 2.04},
  {"Country": "India", "Year": "2015", "GDP": 2.10},
  {"Country": "India", "Year": "2016", "GDP": 2.29},
  {"Country": "India", "Year": "2017", "GDP": 2.65},
  {"Country": "India", "Year": "2018", "GDP": 2.70},
  {"Country": "India", "Year": "2019", "GDP": 2.84},
  {"Country": "India", "Year": "2020", "GDP": 2.67},
  {"Country": "India", "Year": "2021", "GDP": 3.15},
  {"Country": "India", "Year": "2022", "GDP": 3.39}
]

