[
    {
        "Region": "Eastern Mediterranean",
        "New Cases": 212568,
        "New Deaths": 3556,
        "Total Cases": 69906544,
        "Total Deaths": 1401244,
        "Weekly Fatality": 0.016728764,
        "Total Fatality": 0.020044533
    },
    {
        "Region": "Europe",
        "New Cases": 447383,
        "New Deaths": 11183,
        "Total Cases": 378584298,
        "Total Deaths": 8041119,
        "Weekly Fatality": 0.02499648,
        "Total Fatality": 0.02123997
    },
    {
        "Region": "Africa",
        "New Cases": 52668,
        "New Deaths": 1143,
        "Total Cases": 24315283,
        "Total Deaths": 606178,
        "Weekly Fatality": 0.021701982,
        "Total Fatality": 0.024929918
    },
    {
        "Region": "Western Pacific",
        "New Cases": 139232,
        "New Deaths": 2090,
        "Total Cases": 20548315,
        "Total Deaths": 308468,
        "Weekly Fatality": 0.015010917,
        "Total Fatality": 0.015011839
    },
    {
        "Region": "Americas",
        "New Cases": 1198772,
        "New Deaths": 33019,
        "Total Cases": 466458371,
        "Total Deaths": 12213753,
        "Weekly Fatality": 0.02754402,
        "Total Fatality": 0.026184015
    },
    {
        "Region": "South East Asia",
        "New Cases": 1512757,
        "New Deaths": 29414,
        "Total Cases": 217049461,
        "Total Deaths": 2729812,
        "Weekly Fatality": 0.019443969,
        "Total Fatality": 0.012576912
    }
]